,OLS,RLM_Huber
Intercept,-26.49329751497337,-29.449747525367467
C(opt)[T.before],0.8196721311476485,-0.3795427961551239
np.log1p(documents_returned),14.24037756000943,14.558002609811282
