,count,mean,std,min,25%,50%,75%,max,median,n_null,n_unique
execution_time_ms,122.0,56.057377049180324,64.65640901040764,3.0,30.25,64.0,69.75,706.0,64.0,0,49
documents_returned,122.0,2902.8524590163934,22558.47703730272,1.0,1000.0,1000.0,1000.0,250000.0,1000.0,0,7
