,count,mean,std,min,25%,50%,75%,max,median,n_null,n_unique
execution_time_ms,122.0,66.1311475409836,37.33120707682465,6.0,40.25,81.0,85.75,225.0,81.0,0,53
documents_returned,122.0,2902.8524590163934,22558.47703730272,1.0,1000.0,1000.0,1000.0,250000.0,1000.0,0,7
