Model,RMSE_mean,RMSE_std,R2_mean,R2_std
Random Forest,10.548365577954211,3.731707102720867,0.8778829682258497,0.08341111736810698
